Gene,p value Black,mutation rates
COL6A3,0.0363558105058569,0.06779661
FREM2,0.0363558105058569,0.06779661
KRAS,0.0112751805358883,0.06779661
MAST4,0.0363558105058569,0.06779661
NUP210,0.0363558105058569,0.06779661
C2orf71,0.012132757084679,0.050847458
GIT2,0.012132757084679,0.050847458
GRB10,0.012132757084679,0.050847458
KAT7,0.012132757084679,0.050847458
MGAT4B,0.012132757084679,0.050847458
WDR91,0.012132757084679,0.050847458
