Gene,p value Black,mutation rates
MUC16,0.0188983860379979,0.115384615
ALPK1,0.0002698247177016,0.076923077
CELSR1,0.0215943155959046,0.076923077
SYCE1,0.0002698247177016,0.076923077
UBP1,0.0048965024829521,0.076923077
VPS13B,0.0048965024829521,0.076923077
ZNF407,0.0215943155959046,0.076923077
