Gene,p value Asian,p value Black
ARID1A,0.0104834979681634,0.0228181867810991
