Gene,p value Asian,p value Black
CLIC5,0.0065693216385066,0.0005063394448323
CAPRIN1,0.0065693216385066,0.0277964922287086
RP11-356C4.3,0.0004104195653529,0.0451901189627159
TP53,0.0020686768505332,0.0003245032792273
CSF3,0.0004104195653529,0.0047829398494226
GS1-309P15.2,0.0004104195653529,0.0047829398494226
