gene,p_value_asian,mutation_asian,p_value_black,mutation_black
ARID1A,0.0104834979681634,0.090909091,0.0228181867810991,0.043478261
