gene,p_value_asian,mutation_asian,p_value_black,mutation_black
TP53,0.0020686768505332,0.517241379,0.0003245032792273,0.462962963
CLIC5,0.0065693216385066,0.034482759,0.0005063394448323,0.030864198
CSF3,0.0004104195653529,0.034482759,0.0047829398494226,0.018518519
GS1-309P15.2,0.0004104195653529,0.034482759,0.0047829398494226,0.018518519
RP11-356C4.3,0.0004104195653529,0.034482759,0.0451901189627159,0.012345679
