gene,p_value_asian,mutation_asian,p_value_black,mutation_black
CCDC14,0.0009731445805351,0.166666667,0.022709990192451,0.038461538
