gene,p_value_asian,mutation_asian,p_value_black,mutation_black
RPH3A,0.0045051270580835,0.083333333,0.0070851382011028,0.034482759
